                  epoch,             train/loss,  metrics/accuracy_top1,  metrics/accuracy_top5,               val/loss,                 lr/pg0,                 lr/pg1,                 lr/pg2
                      1,                 4.2204,                0.50129,                0.75458,                 5.2344,             0.00023784,             0.00023784,             0.00023784
                      2,                  2.165,                0.65574,                0.86066,                 5.0473,             0.00031882,             0.00031882,             0.00031882
                      3,                 1.6072,                0.69929,                0.89023,                  4.977,             0.00024271,             0.00024271,             0.00024271
