                  epoch,             train/loss,  metrics/accuracy_top1,  metrics/accuracy_top5,               val/loss,                 lr/pg0,                 lr/pg1,                 lr/pg2
                      1,                 4.1568,                0.50806,                0.75207,                 5.2222,             0.00023785,             0.00023785,             0.00023785
                      2,                 2.1125,                0.65259,                0.86266,                 5.0433,             0.00031882,             0.00031882,             0.00031882
                      3,                 1.5811,                0.71109,                0.88816,                 4.9735,             0.00024271,             0.00024271,             0.00024271
